,run_id,region,rc,rd,ld,hd,lc,hc,foii,wh1,wh2,wh3,wh4,wl1,wl2,wl3,wl4,dd1,dd2,dr1,dr2,bd1,bd2,bd3,bd4,bd5,bd6,bd7,br,wv1,wv2,wv3,wv4,cfr1,cfr2,cfr3,cfr4,cfr5,cfr6,ve
1,1,hyper,0.205966382,0.743966588,0.889351751,0.990894657,0.154834545,0.878733702,8.00E-01,0.005412768,0.004989548,0.009658535,0.001697751,0.00315496,0.000725632,0.000648779,0.000153866,0.001859243,-1.01E-07,0.001920373,-1.09E-07,0,0,0,0,0,0,0,0,0,0.001322422,0.001322422,0.001322422,0.135,0.090909091,0.088181818,0.086363636,0.087272727,0.125757576,0.896
2,2,hyper,0.218308905,0.764587484,0.923229298,0.910642212,0.193814793,0.842287509,8.00E-01,0.008680342,0.005302169,0.008838709,0.001717933,0.002893961,0.000752375,0.000559318,0.000497624,0.001904054,-9.97E-08,0.001942046,-1.06E-07,0,0,0,0,0,0,0,0,0,0.001322422,0.001322422,0.001322422,0.13,0.088636364,0.079090909,0.090909091,0.090909091,0.115,0.874
3,3,hyper,0.209157791,0.760725072,0.843385049,0.983636023,0.250946496,0.807886148,8.00E-01,0.013896456,0.004658836,0.007896878,0.000798475,0.002575028,0.000734311,0.000590923,0.000191888,0.001946354,-1.08E-07,0.001912768,-1.01E-07,0,0,0,0,0,0,0,0,0,0.001322422,0.001322422,0.001322422,0.105,0.098863636,0.097272727,0.097272727,0.069090909,0.125757576,0.884
4,4,hyper,0.194174925,0.671855106,0.948837265,0.985059661,0.151285381,0.853519613,8.00E-01,0.00541255,0.004433034,0.006090973,0.001812228,0.003589474,0.000698541,0.00076871,0.00047914,0.001932225,-1.08E-07,0.001903349,-9.46E-08,0,0,0,0,0,0,0,0,0,0.001322422,0.001322422,0.001322422,0.125,0.096590909,0.098181818,0.073636364,0.085454545,0.118787879,0.89
5,5,hyper,0.203289361,0.748748568,0.919684739,0.908073314,0.251609021,0.894961679,8.00E-01,0.017780151,0.009908962,0.006268846,0.001896528,0.002689114,0.000950335,0.000930308,0.000399753,0.001901992,-9.26E-08,0.001873558,-1.01E-07,0,0,0,0,0,0,0,0,0,0.001322422,0.001322422,0.001322422,0.08,0.092045455,0.091818182,0.09,0.091818182,0.119393939,0.916
6,6,hyper,0.210443182,0.690733802,0.920936385,0.999996457,0.168823237,0.836733485,8.00E-01,0.009689787,0.002812602,0.008512455,0.001511031,0.003635118,0.000691455,0.000692142,0.000415694,0.001886763,-1.04E-07,0.001930783,-1.01E-07,0,0,0,0,0,0,0,0,0,0.001322422,0.001322422,0.001322422,0.08,0.0875,0.085454545,0.089090909,0.083636364,0.125454545,0.886
7,7,hyper,0.203389459,0.712179346,0.949609465,0.998445004,0.235863069,0.887724125,8.00E-01,0.018210931,0.004256476,0.008766511,0.001464243,0.00348022,0.000897124,0.000586299,0.000437217,0.001937294,-1.08E-07,0.001949528,-1.02E-07,0,0,0,0,0,0,0,0,0,0.001322422,0.001322422,0.001322422,0.135,0.110227273,0.09,0.08,0.079090909,0.118939394,0.898
8,8,hyper,0.208815672,0.768525672,0.687236432,0.904886531,0.191025398,0.837524969,8.00E-01,0.009087342,0.007806827,0.002714283,0.001885309,0.003624694,0.000942526,0.000875419,0.000354816,0.001906417,-9.52E-08,0.001854581,-1.03E-07,0,0,0,0,0,0,0,0,0,0.001322422,0.001322422,0.001322422,0.065,0.094318182,0.087272727,0.095454545,0.08,0.122272727,0.902
9,9,hyper,0.205045705,0.727108978,0.89636362,0.997538751,0.153684612,0.785743875,8.00E-01,0.010800015,0.004505826,0.005822141,0.000986606,0.002450214,0.000867791,0.000694328,0.000578419,0.001864195,-9.93E-08,0.001948475,-9.14E-08,0,0,0,0,0,0,0,0,0,0.001322422,0.001322422,0.001322422,0.09,0.090909091,0.099090909,0.090909091,0.086363636,0.122727273,0.92
10,10,hyper,0.214730604,0.74979963,0.772146697,0.954195123,0.199461588,0.837281146,8.00E-01,0.005426562,0.002983665,0.002712733,0.001696886,0.00202709,0.00067802,0.000719063,0.000421223,0.001949399,-1.01E-07,0.001903438,-9.40E-08,0,0,0,0,0,0,0,0,0,0.001322422,0.001322422,0.001322422,0.12,0.072727273,0.09,0.075454545,0.064545455,0.12,0.896
11,11,hyper,0.167956615,0.742304769,0.785581349,0.950046059,0.22444671,0.82700956,8.00E-01,0.007212203,0.008475115,0.005322607,0.001766167,0.003626716,0.000855996,0.000964904,0.000265069,0.001936762,-1.00E-07,0.001856358,-9.45E-08,0,0,0,0,0,0,0,0,0,0.001322422,0.001322422,0.001322422,0.135,0.093181818,0.09,0.082727273,0.073636364,0.119545455,0.91
12,12,hyper,0.206514685,0.771035655,0.927858103,0.918653442,0.176379077,0.841035364,8.00E-01,0.010838779,0.009875265,0.008695355,0.001100207,0.003758658,0.00060249,0.000982986,0.000301682,0.001938072,-1.01E-07,0.001902523,-1.01E-07,0,0,0,0,0,0,0,0,0,0.001322422,0.001322422,0.001322422,0.125,0.1,0.100909091,0.091818182,0.071818182,0.128484848,0.908
13,13,hyper,0.200733132,0.661909773,0.803444058,0.968178403,0.238800723,0.827785638,8.00E-01,0.011538453,0.008765381,0.002752793,0.001784795,0.003857786,0.000599329,0.000728941,0.000280075,0.001902378,-1.01E-07,0.001920538,-1.08E-07,0,0,0,0,0,0,0,0,0,0.001322422,0.001322422,0.001322422,0.1,0.092045455,0.096363636,0.084545455,0.078181818,0.120757576,0.908
14,14,hyper,0.198266085,0.756136765,0.797530428,0.933743993,0.193660507,0.876056436,8.00E-01,0.019284476,0.008171898,0.006148239,0.00075298,0.003589735,0.000788243,0.000824663,0.000316714,0.00185102,-1.07E-07,0.001949902,-1.01E-07,0,0,0,0,0,0,0,0,0,0.001322422,0.001322422,0.001322422,0.095,0.088636364,0.086363636,0.086363636,0.072727273,0.124848485,0.894
15,15,hyper,0.210303018,0.661534482,0.893730537,0.977524483,0.159817201,0.855330763,8.00E-01,0.005550216,0.006314956,0.009118428,0.001615808,0.003291,0.000640209,0.000515756,0.000644438,0.001922247,-1.08E-07,0.001930388,-1.05E-07,0,0,0,0,0,0,0,0,0,0.001322422,0.001322422,0.001322422,0.125,0.098863636,0.105454545,0.086363636,0.078181818,0.114545455,0.914
16,16,hyper,0.203109943,0.640332541,0.855015701,0.956176005,0.278814852,0.886616333,8.00E-01,0.01968139,0.005098032,0.007613501,0.001941159,0.002808173,0.000585466,0.000759883,0.000675129,0.001898902,-1.02E-07,0.00191863,-9.52E-08,0,0,0,0,0,0,0,0,0,0.001322422,0.001322422,0.001322422,0.125,0.084090909,0.095454545,0.094545455,0.076363636,0.116969697,0.878
17,17,hyper,0.183778625,0.650699557,0.882953,0.9879,0.183861086,0.873293978,8.00E-01,0.018762488,0.005715646,0.008030216,0.001371037,0.003440079,0.000865856,0.000894498,0.000298409,0.001889355,-9.74E-08,0.001860972,-9.20E-08,0,0,0,0,0,0,0,0,0,0.001322422,0.001322422,0.001322422,0.085,0.0875,0.07,0.088181818,0.083636364,0.121212121,0.89
18,18,hyper,0.215990231,0.751176535,0.899441889,0.974728885,0.197939313,0.848092681,8.00E-01,0.01508479,0.00884263,0.009426541,0.001501094,0.002280039,0.000885694,0.000532214,0.000496805,0.001887256,-1.05E-07,0.001888041,-9.33E-08,0,0,0,0,0,0,0,0,0,0.001322422,0.001322422,0.001322422,0.13,0.098863636,0.086363636,0.085454545,0.081818182,0.117121212,0.884
19,19,hyper,0.202404831,0.645598775,0.853053879,0.941441417,0.200732475,0.782350829,8.00E-01,0.005786755,0.008979432,0.008591683,0.001961281,0.003893154,0.000846326,0.000759229,0.000137835,0.001877805,-1.08E-07,0.001908843,-9.43E-08,0,0,0,0,0,0,0,0,0,0.001322422,0.001322422,0.001322422,0.11,0.0875,0.082727273,0.08,0.082727273,0.113939394,0.888
20,20,hyper,0.196119926,0.659987504,0.905042323,0.933875405,0.175868079,0.885144555,8.00E-01,0.016335978,0.009801996,0.007581556,0.00113146,0.003665928,0.000864709,0.000570044,0.000350732,0.001878291,-9.82E-08,0.001870789,-1.05E-07,0,0,0,0,0,0,0,0,0,0.001322422,0.001322422,0.001322422,0.115,0.102272727,0.077272727,0.078181818,0.079090909,0.124545455,0.872
21,21,hyper,0.203949371,0.613529727,0.819140501,0.932525159,0.210171988,0.787642433,8.00E-01,0.008542565,0.006174869,0.005787247,0.001125087,0.003954855,0.000654205,0.000642018,0.000636515,0.001850462,-9.01E-08,0.00186344,-9.12E-08,0,0,0,0,0,0,0,0,0,0.001322422,0.001322422,0.001322422,0.11,0.097727273,0.098181818,0.083636364,0.075454545,0.122424242,0.916
22,22,hyper,0.202987455,0.619959818,0.907014407,0.965406972,0.160483589,0.852494115,8.00E-01,0.007441196,0.004569227,0.003797261,0.001852816,0.003289932,0.000755283,0.000592781,0.000578106,0.001885759,-9.83E-08,0.001901562,-1.01E-07,0,0,0,0,0,0,0,0,0,0.001322422,0.001322422,0.001322422,0.12,0.094318182,0.084545455,0.083636364,0.085454545,0.117727273,0.894
23,23,hyper,0.208331757,0.696404402,0.805793736,0.925170644,0.171476941,0.711812578,8.00E-01,0.008128245,0.002974634,0.006306248,0.001884939,0.002367658,0.0009266,0.000656089,0.000166758,0.001927787,-9.68E-08,0.001869347,-1.06E-07,0,0,0,0,0,0,0,0,0,0.001322422,0.001322422,0.001322422,0.155,0.109090909,0.085454545,0.097272727,0.070909091,0.123181818,0.896
24,24,hyper,0.209351491,0.674529012,0.836748321,0.98945467,0.254596969,0.752500757,8.00E-01,0.018605602,0.002594417,0.009527307,0.001665376,0.002421697,0.000916455,0.000824207,0.000173986,0.001899984,-9.92E-08,0.001901689,-9.10E-08,0,0,0,0,0,0,0,0,0,0.001322422,0.001322422,0.001322422,0.095,0.075,0.086363636,0.097272727,0.078181818,0.125757576,0.9
25,25,hyper,0.208182875,0.760029969,0.932380905,0.915739321,0.262274908,0.892816363,8.00E-01,0.007878545,0.006665924,0.005754007,0.00108858,0.003619048,0.000959598,0.000942579,0.000684191,0.001893218,-1.07E-07,0.001855936,-1.02E-07,0,0,0,0,0,0,0,0,0,0.001322422,0.001322422,0.001322422,0.09,0.111363636,0.076363636,0.095454545,0.081818182,0.121363636,0.916
26,26,hyper,0.209035945,0.685008667,0.928504212,0.933805687,0.17211944,0.863480485,8.00E-01,0.01702561,0.006464078,0.006540627,0.001605008,0.003432383,0.000977316,0.000502642,0.000482057,0.001943891,-9.90E-08,0.001906091,-1.01E-07,0,0,0,0,0,0,0,0,0,0.001322422,0.001322422,0.001322422,0.065,0.082954545,0.091818182,0.086363636,0.068181818,0.114090909,0.9
27,27,hyper,0.204567469,0.626571803,0.939547363,0.941250137,0.225666896,0.883020306,8.00E-01,0.015897766,0.004526076,0.00984151,0.000879529,0.003161309,0.00052087,0.000908922,0.000546388,0.001913354,-1.10E-07,0.00189337,-1.04E-07,0,0,0,0,0,0,0,0,0,0.001322422,0.001322422,0.001322422,0.12,0.088636364,0.09,0.083636364,0.080909091,0.121969697,0.904
28,28,hyper,0.200072298,0.623882435,0.880546718,0.95218599,0.157565085,0.874148377,8.00E-01,0.007434886,0.009086425,0.00997961,0.000985795,0.003422658,0.000585083,0.000511515,0.000210707,0.001902186,-1.08E-07,0.001901884,-1.05E-07,0,0,0,0,0,0,0,0,0,0.001322422,0.001322422,0.001322422,0.155,0.106818182,0.089090909,0.086363636,0.086363636,0.119393939,0.906
29,29,hyper,0.203929017,0.698785522,0.94633882,0.911941301,0.225450526,0.868375875,8.00E-01,0.016365447,0.008868622,0.007010149,0.001962568,0.00213437,0.000844552,0.000922696,0.000247449,0.001912196,-9.09E-08,0.001879053,-9.45E-08,0,0,0,0,0,0,0,0,0,0.001322422,0.001322422,0.001322422,0.125,0.101136364,0.085454545,0.072727273,0.086363636,0.118939394,0.896
30,30,hyper,0.198410354,0.771052874,0.876969743,0.914702393,0.154770124,0.782717734,8.00E-01,0.009353629,0.002652636,0.002730608,0.001750366,0.003879421,0.000650293,0.000943474,0.000183167,0.00191381,-9.37E-08,0.00191865,-9.12E-08,0,0,0,0,0,0,0,0,0,0.001322422,0.001322422,0.001322422,0.115,0.107954545,0.093636364,0.087272727,0.072727273,0.126666667,0.892
31,31,hyper,0.215291847,0.635806535,0.891763928,0.983097571,0.217722842,0.879304579,8.00E-01,0.008625268,0.007594314,0.008958394,0.001363292,0.002541739,0.000840173,0.000929092,0.000170665,0.001883315,-1.04E-07,0.001892818,-1.07E-07,0,0,0,0,0,0,0,0,0,0.001322422,0.001322422,0.001322422,0.125,0.103409091,0.083636364,0.084545455,0.077272727,0.123484848,0.912
32,32,hyper,0.198078685,0.607814359,0.875343318,0.949711932,0.168073474,0.847555531,8.00E-01,0.007077404,0.009172549,0.008494912,0.001208855,0.002868721,0.000654789,0.000667775,0.000184556,0.001927549,-9.89E-08,0.001890294,-9.39E-08,0,0,0,0,0,0,0,0,0,0.001322422,0.001322422,0.001322422,0.065,0.104545455,0.087272727,0.09,0.077272727,0.120909091,0.9
33,33,hyper,0.205669208,0.605466789,0.857880077,0.9469387,0.209074757,0.822046035,8.00E-01,0.013184987,0.003751266,0.00994502,0.001841267,0.003329476,0.000629371,0.0005608,0.000294615,0.001882801,-1.05E-07,0.001913837,-1.03E-07,0,0,0,0,0,0,0,0,0,0.001322422,0.001322422,0.001322422,0.135,0.109090909,0.091818182,0.09,0.068181818,0.127575758,0.88
34,34,hyper,0.214196354,0.591826531,0.893112842,0.927247446,0.157019219,0.84390549,8.00E-01,0.013587384,0.00731123,0.005721764,0.00194411,0.002141002,0.000971109,0.000839897,0.000260429,0.001910857,-9.48E-08,0.001929058,-9.47E-08,0,0,0,0,0,0,0,0,0,0.001322422,0.001322422,0.001322422,0.095,0.080681818,0.095454545,0.092727273,0.072727273,0.119242424,0.908
35,35,hyper,0.201110082,0.584271842,0.941775003,0.953447474,0.164276467,0.842139681,8.00E-01,0.010245438,0.003745837,0.007798097,0.000972224,0.002619261,0.000649047,0.000598771,0.000349039,0.001866281,-1.04E-07,0.00192358,-1.01E-07,0,0,0,0,0,0,0,0,0,0.001322422,0.001322422,0.001322422,0.075,0.113636364,0.078181818,0.076363636,0.074545455,0.120454545,0.884
36,36,hyper,0.197590268,0.739385762,0.938786858,0.906400817,0.213472621,0.882137725,8.00E-01,0.015036038,0.009406714,0.003677359,0.001441934,0.002803346,0.000564917,0.000895681,0.000104707,0.001904943,-1.07E-07,0.001944873,-1.01E-07,0,0,0,0,0,0,0,0,0,0.001322422,0.001322422,0.001322422,0.085,0.088636364,0.09,0.082727273,0.07,0.118030303,0.888
37,37,hyper,0.201857074,0.682788699,0.946249321,0.964184449,0.190361977,0.886470434,8.00E-01,0.01997756,0.007841701,0.009837359,0.001164893,0.002343675,0.000803205,0.000794794,0.000478773,0.001925024,-9.49E-08,0.001901378,-9.99E-08,0,0,0,0,0,0,0,0,0,0.001322422,0.001322422,0.001322422,0.11,0.094318182,0.088181818,0.087272727,0.085454545,0.121969697,0.91
38,38,hyper,0.209339701,0.740586152,0.862138288,0.927353825,0.233783666,0.701092552,8.00E-01,0.011016832,0.00572705,0.008576796,0.001898964,0.003095965,0.000555642,0.00052735,0.000666185,0.001914135,-1.07E-07,0.001944497,-9.99E-08,0,0,0,0,0,0,0,0,0,0.001322422,0.001322422,0.001322422,0.115,0.095454545,0.079090909,0.08,0.072727273,0.125909091,0.916
39,39,hyper,0.209978366,0.689904801,0.826896066,0.983330282,0.150416987,0.742953441,8.00E-01,0.019720992,0.00545294,0.008150211,0.000726912,0.003325226,0.000608645,0.000928811,0.00050375,0.001945167,-1.06E-07,0.001933863,-1.06E-07,0,0,0,0,0,0,0,0,0,0.001322422,0.001322422,0.001322422,0.07,0.095454545,0.078181818,0.087272727,0.076363636,0.116363636,0.908
40,40,hyper,0.201768254,0.702752307,0.907696378,0.972450446,0.18677928,0.869658187,8.00E-01,0.01369404,0.004792911,0.007162403,0.00080362,0.003749976,0.000862154,0.000636884,0.000247407,0.001900482,-9.59E-08,0.001940197,-9.60E-08,0,0,0,0,0,0,0,0,0,0.001322422,0.001322422,0.001322422,0.135,0.110227273,0.096363636,0.092727273,0.080909091,0.125606061,0.894
41,41,hyper,0.213329951,0.699190149,0.747608771,0.953508675,0.211005733,0.833234229,8.00E-01,0.016054391,0.006385259,0.004753466,0.001714384,0.002637731,0.000791574,0.000556567,0.000210147,0.001930496,-9.88E-08,0.001928425,-9.56E-08,0,0,0,0,0,0,0,0,0,0.001322422,0.001322422,0.001322422,0.12,0.105681818,0.077272727,0.095454545,0.072727273,0.125606061,0.876
42,42,hyper,0.207804722,0.748834978,0.926000761,0.975509285,0.228726042,0.836749902,8.00E-01,0.011464825,0.007132868,0.007295835,0.001202619,0.003759013,0.000676341,0.000595459,0.000184924,0.001921275,-9.45E-08,0.001869034,-9.97E-08,0,0,0,0,0,0,0,0,0,0.001322422,0.001322422,0.001322422,0.1,0.0875,0.099090909,0.090909091,0.069090909,0.119393939,0.906
43,43,hyper,0.173926649,0.606003831,0.924816404,0.99478006,0.17310197,0.812413523,8.00E-01,0.00541186,0.008053018,0.003458393,0.00176614,0.003384644,0.00056661,0.000658492,0.000363143,0.001855717,-1.08E-07,0.00187103,-9.28E-08,0,0,0,0,0,0,0,0,0,0.001322422,0.001322422,0.001322422,0.14,0.114772727,0.088181818,0.077272727,0.077272727,0.126060606,0.9
44,44,hyper,0.200175466,0.653956584,0.757839868,0.932135335,0.18478741,0.857251762,8.00E-01,0.013558015,0.004039949,0.008370133,0.000732855,0.002046054,0.000882853,0.000827656,0.000508552,0.001885342,-1.01E-07,0.001916395,-1.00E-07,0,0,0,0,0,0,0,0,0,0.001322422,0.001322422,0.001322422,0.125,0.089772727,0.077272727,0.095454545,0.068181818,0.121969697,0.892
45,45,hyper,0.205561153,0.597805837,0.877957926,0.980813488,0.276302933,0.818248586,8.00E-01,0.007743719,0.004924328,0.00287596,0.001787164,0.003909137,0.00099508,0.000976037,0.00016834,0.001933743,-1.06E-07,0.001858006,-1.04E-07,0,0,0,0,0,0,0,0,0,0.001322422,0.001322422,0.001322422,0.135,0.095454545,0.078181818,0.081818182,0.056363636,0.120454545,0.902
46,46,hyper,0.194799072,0.648679453,0.821273598,0.956800938,0.155812464,0.882286193,8.00E-01,0.010286574,0.009120424,0.005593516,0.00136233,0.003329791,0.00086151,0.000767704,0.000180096,0.001891048,-9.44E-08,0.001894813,-9.40E-08,0,0,0,0,0,0,0,0,0,0.001322422,0.001322422,0.001322422,0.115,0.082954545,0.086363636,0.084545455,0.089090909,0.123484848,0.904
47,47,hyper,0.195703797,0.580079949,0.645536476,0.93917297,0.181100539,0.807591616,8.00E-01,0.011228671,0.006543183,0.003452899,0.001909527,0.003378792,0.000515831,0.000683689,0.00010881,0.001917946,-9.82E-08,0.001908167,-9.38E-08,0,0,0,0,0,0,0,0,0,0.001322422,0.001322422,0.001322422,0.15,0.081818182,0.09,0.086363636,0.072727273,0.111969697,0.906
48,48,hyper,0.201455532,0.748648482,0.86818935,0.917984672,0.197241647,0.883531359,8.00E-01,0.009622372,0.005894236,0.00971441,0.001475308,0.00277154,0.000971246,0.000926498,0.000173675,0.001931199,-9.02E-08,0.001869079,-9.16E-08,0,0,0,0,0,0,0,0,0,0.001322422,0.001322422,0.001322422,0.15,0.089772727,0.102727273,0.091818182,0.076363636,0.120909091,0.916
49,49,hyper,0.218558728,0.708187342,0.890207793,0.974093368,0.169634899,0.806371522,8.00E-01,0.015477132,0.002739487,0.004739725,0.001761207,0.002790029,0.000841876,0.000511337,0.000151499,0.001861268,-1.10E-07,0.001895069,-1.06E-07,0,0,0,0,0,0,0,0,0,0.001322422,0.001322422,0.001322422,0.1,0.094318182,0.101818182,0.095454545,0.078181818,0.123636364,0.92
50,50,hyper,0.206473244,0.64826163,0.927778409,0.965251407,0.220555639,0.758475033,8.00E-01,0.013188427,0.008326941,0.007202981,0.001020512,0.003530317,0.000818768,0.00090524,0.000243964,0.001889854,-1.06E-07,0.001943777,-9.28E-08,0,0,0,0,0,0,0,0,0,0.001322422,0.001322422,0.001322422,0.095,0.086363636,0.092727273,0.088181818,0.074545455,0.116212121,0.912
51,51,hyper,0.19682745,0.777074568,0.842849798,0.943740147,0.214535257,0.847153324,8.00E-01,0.005307639,0.009616486,0.009753751,0.001929492,0.002674397,0.000661659,0.000687518,0.000700676,0.0019355,-1.04E-07,0.001867266,-1.02E-07,0,0,0,0,0,0,0,0,0,0.001322422,0.001322422,0.001322422,0.105,0.085227273,0.089090909,0.09,0.085454545,0.112121212,0.902
52,52,hyper,0.201350072,0.646589378,0.941090889,0.999436548,0.205349356,0.893217341,8.00E-01,0.014470583,0.004413906,0.006666448,0.001940361,0.00277357,0.000681749,0.000776987,0.000298192,0.001929893,-1.07E-07,0.00190146,-9.89E-08,0,0,0,0,0,0,0,0,0,0.001322422,0.001322422,0.001322422,0.085,0.0875,0.088181818,0.09,0.073636364,0.122424242,0.898
53,53,hyper,0.204836325,0.764415746,0.887110587,0.944424983,0.226763092,0.739204247,8.00E-01,0.006624119,0.005328987,0.00660007,0.001300096,0.002588886,0.000753444,0.000589671,0.00011761,0.001889897,-9.00E-08,0.001907173,-9.50E-08,0,0,0,0,0,0,0,0,0,0.001322422,0.001322422,0.001322422,0.075,0.090909091,0.09,0.096363636,0.076363636,0.122878788,0.906
54,54,hyper,0.21346743,0.633698743,0.900390999,0.961268508,0.16638213,0.727657971,8.00E-01,0.013952433,0.004275918,0.005770832,0.001659419,0.002453998,0.000722124,0.000503833,0.000425214,0.001918891,-1.07E-07,0.001902846,-1.01E-07,0,0,0,0,0,0,0,0,0,0.001322422,0.001322422,0.001322422,0.105,0.090909091,0.077272727,0.080909091,0.079090909,0.123030303,0.902
55,55,hyper,0.205363477,0.62992182,0.886905398,0.940419195,0.220625349,0.760680122,8.00E-01,0.018161997,0.009187778,0.008498924,0.001547837,0.003891954,0.000804944,0.000885363,0.000153428,0.001942204,-9.58E-08,0.001947552,-1.04E-07,0,0,0,0,0,0,0,0,0,0.001322422,0.001322422,0.001322422,0.115,0.084090909,0.090909091,0.069090909,0.078181818,0.116060606,0.898
56,56,hyper,0.217395518,0.60355903,0.906184504,0.973957254,0.282057634,0.846343392,8.00E-01,0.019398055,0.003438402,0.007698346,0.001837961,0.002492212,0.000851343,0.000890592,0.000145884,0.001861212,-1.09E-07,0.001910643,-1.04E-07,0,0,0,0,0,0,0,0,0,0.001322422,0.001322422,0.001322422,0.11,0.105681818,0.09,0.095454545,0.084545455,0.121969697,0.884
57,57,hyper,0.216020768,0.63193648,0.832390914,0.935018931,0.155070395,0.832980797,8.00E-01,0.015457944,0.008484177,0.009010506,0.001419996,0.00224878,0.000900715,0.000935881,0.000886436,0.001943064,-9.88E-08,0.00191584,-1.02E-07,0,0,0,0,0,0,0,0,0,0.001322422,0.001322422,0.001322422,0.18,0.084090909,0.077272727,0.081818182,0.078181818,0.123484848,0.89
58,58,hyper,0.203403857,0.686093114,0.935536763,0.994103583,0.217237962,0.756741392,8.00E-01,0.013551169,0.008387483,0.003833866,0.001516165,0.003649026,0.000756724,0.000688546,0.000273378,0.001937872,-1.03E-07,0.001902873,-1.00E-07,0,0,0,0,0,0,0,0,0,0.001322422,0.001322422,0.001322422,0.15,0.096590909,0.096363636,0.080909091,0.076363636,0.12530303,0.89
59,59,hyper,0.206532036,0.59848665,0.789327859,0.990762574,0.270900666,0.878418804,8.00E-01,0.014835112,0.008647132,0.004784763,0.001748044,0.002871914,0.000818122,0.000851682,0.000330451,0.001860839,-1.08E-07,0.001875394,-1.07E-07,0,0,0,0,0,0,0,0,0,0.001322422,0.001322422,0.001322422,0.08,0.101136364,0.070909091,0.071818182,0.069090909,0.122575758,0.906
60,60,hyper,0.21367765,0.737894026,0.881013717,0.950288931,0.199076813,0.85429199,8.00E-01,0.014020665,0.005531458,0.009070024,0.001556342,0.00382753,0.000882169,0.000505501,0.000397404,0.001889189,-1.01E-07,0.001903083,-1.08E-07,0,0,0,0,0,0,0,0,0,0.001322422,0.001322422,0.001322422,0.08,0.109090909,0.095454545,0.077272727,0.079090909,0.123030303,0.91
61,61,hyper,0.217250838,0.696365538,0.771715802,0.919511933,0.181176723,0.876200826,8.00E-01,0.010608602,0.008000634,0.009630402,0.001156346,0.002113003,0.000541027,0.000967368,0.000589339,0.001940881,-9.02E-08,0.001938766,-9.51E-08,0,0,0,0,0,0,0,0,0,0.001322422,0.001322422,0.001322422,0.095,0.105681818,0.085454545,0.095454545,0.089090909,0.120454545,0.89
62,62,hyper,0.189529329,0.664773122,0.913765547,0.956963163,0.159993932,0.839899238,8.00E-01,0.016999207,0.005969018,0.005558223,0.000982886,0.002070574,0.000721061,0.000835961,0.000280282,0.001862967,-9.36E-08,0.0018941,-9.51E-08,0,0,0,0,0,0,0,0,0,0.001322422,0.001322422,0.001322422,0.1,0.102272727,0.086363636,0.093636364,0.08,0.129090909,0.906
63,63,hyper,0.205421007,0.753687235,0.942213544,0.902665015,0.290534676,0.882189918,8.00E-01,0.013136893,0.006621328,0.006477097,0.001475805,0.002157008,0.000989381,0.000577472,0.000353844,0.00194779,-9.66E-08,0.001883406,-9.04E-08,0,0,0,0,0,0,0,0,0,0.001322422,0.001322422,0.001322422,0.13,0.095454545,0.091818182,0.084545455,0.078181818,0.120606061,0.878
64,64,hyper,0.198401343,0.5891873,0.931585282,0.947067683,0.189396926,0.894300716,8.00E-01,0.019921689,0.009240105,0.00825696,0.001808252,0.003257505,0.000797339,0.000642773,0.000434831,0.001881356,-1.03E-07,0.001884889,-1.07E-07,0,0,0,0,0,0,0,0,0,0.001322422,0.001322422,0.001322422,0.105,0.096590909,0.086363636,0.079090909,0.091818182,0.117272727,0.888
65,65,hyper,0.205911202,0.633048804,0.726202377,0.97184558,0.183619659,0.892433214,8.00E-01,0.016088755,0.007730835,0.006000831,0.001156959,0.00236521,0.000738223,0.000605157,0.000233384,0.001882188,-1.01E-07,0.001925551,-1.09E-07,0,0,0,0,0,0,0,0,0,0.001322422,0.001322422,0.001322422,0.135,0.097727273,0.082727273,0.092727273,0.070909091,0.12469697,0.896
66,66,hyper,0.219577776,0.631376989,0.877109223,0.95237281,0.181610807,0.890916182,8.00E-01,0.01360663,0.006167528,0.009026462,0.000958348,0.002270069,0.000644706,0.000994908,0.000250902,0.001897287,-1.02E-07,0.001867402,-1.05E-07,0,0,0,0,0,0,0,0,0,0.001322422,0.001322422,0.001322422,0.165,0.095454545,0.082727273,0.09,0.086363636,0.12530303,0.918
67,67,hyper,0.205045705,0.727108978,0.89636362,0.997538751,0.153684612,0.785743875,8.00E-01,0.010800015,0.004505826,0.005822141,0.000986606,0.002450214,0.000867791,0.000694328,0.000578419,0.001864195,-9.93E-08,0.001948475,-9.14E-08,0,0,0,0,0,0,0,0,0,0.001322422,0.001322422,0.001322422,0.105,0.092045455,0.094545455,0.091818182,0.074545455,0.126515152,0.912
68,68,hyper,0.207615929,0.689053698,0.843215216,0.996728508,0.178032847,0.897913859,8.00E-01,0.01831677,0.009089122,0.003890902,0.001300732,0.002229157,0.000748593,0.000947652,0.000114741,0.001867669,-1.10E-07,0.001877141,-9.12E-08,0,0,0,0,0,0,0,0,0,0.001322422,0.001322422,0.001322422,0.085,0.096590909,0.089090909,0.075454545,0.075454545,0.119393939,0.91
69,69,hyper,0.194557821,0.698138619,0.855922029,0.944918706,0.177741282,0.77657714,8.00E-01,0.016608949,0.00834564,0.008794368,0.001315793,0.002434563,0.000646681,0.000512284,0.00026119,0.001877604,-9.37E-08,0.001882998,-1.09E-07,0,0,0,0,0,0,0,0,0,0.001322422,0.001322422,0.001322422,0.14,0.078409091,0.091818182,0.09,0.080909091,0.120454545,0.918
70,70,hyper,0.195773298,0.652449312,0.856170849,0.977546564,0.191533751,0.712735857,8.00E-01,0.010047495,0.002647967,0.005679179,0.00150437,0.003270226,0.000542353,0.000847023,0.000164732,0.001864163,-1.01E-07,0.001852444,-1.10E-07,0,0,0,0,0,0,0,0,0,0.001322422,0.001322422,0.001322422,0.12,0.097727273,0.088181818,0.082727273,0.075454545,0.123181818,0.874
71,71,hyper,0.210983023,0.587541437,0.869729634,0.988170478,0.243517147,0.837651448,8.00E-01,0.016089749,0.006909203,0.005341913,0.001343861,0.002749365,0.000656052,0.000585273,0.00019873,0.001895561,-9.37E-08,0.001927214,-1.02E-07,0,0,0,0,0,0,0,0,0,0.001322422,0.001322422,0.001322422,0.105,0.088636364,0.092727273,0.083636364,0.084545455,0.129242424,0.868
72,72,hyper,0.201107902,0.699886103,0.842930668,0.980627421,0.293195996,0.770887471,8.00E-01,0.013186902,0.007346905,0.008459623,0.001913457,0.002624158,0.000728645,0.000591188,0.000890675,0.001910644,-1.09E-07,0.001894076,-1.08E-07,0,0,0,0,0,0,0,0,0,0.001322422,0.001322422,0.001322422,0.09,0.1,0.087272727,0.079090909,0.061818182,0.125151515,0.882
73,73,hyper,0.209148111,0.632134502,0.813161014,0.911592713,0.188377756,0.798985208,8.00E-01,0.014453688,0.004744679,0.003551381,0.001440153,0.003919617,0.000706242,0.000543056,0.00021205,0.001868525,-1.08E-07,0.001885606,-9.99E-08,0,0,0,0,0,0,0,0,0,0.001322422,0.001322422,0.001322422,0.105,0.105681818,0.095454545,0.083636364,0.064545455,0.116818182,0.884
74,74,hyper,0.193700014,0.623106933,0.948984243,0.93785561,0.234703245,0.890284935,8.00E-01,0.014958108,0.005924197,0.009112865,0.001653872,0.003307934,0.000704199,0.000607755,0.000336373,0.001941691,-9.40E-08,0.001898645,-1.05E-07,0,0,0,0,0,0,0,0,0,0.001322422,0.001322422,0.001322422,0.095,0.096590909,0.096363636,0.082727273,0.078181818,0.125,0.898
75,75,hyper,0.206473244,0.64826163,0.927778409,0.965251407,0.220555639,0.758475033,8.00E-01,0.013188427,0.008326941,0.007202981,0.001020512,0.003530317,0.000818768,0.00090524,0.000243964,0.001889854,-1.06E-07,0.001943777,-9.28E-08,0,0,0,0,0,0,0,0,0,0.001322422,0.001322422,0.001322422,0.12,0.079545455,0.083636364,0.078181818,0.061818182,0.123939394,0.916
76,76,hyper,0.216219751,0.641952888,0.902213579,0.945959624,0.223783998,0.888780009,8.00E-01,0.016816253,0.005562099,0.005261054,0.001790747,0.002060506,0.000590029,0.000930201,0.000438384,0.001888322,-1.02E-07,0.001901165,-1.04E-07,0,0,0,0,0,0,0,0,0,0.001322422,0.001322422,0.001322422,0.175,0.101136364,0.084545455,0.079090909,0.098181818,0.117878788,0.882
77,77,hyper,0.167956615,0.742304769,0.785581349,0.950046059,0.22444671,0.82700956,8.00E-01,0.007212203,0.008475115,0.005322607,0.001766167,0.003626716,0.000855996,0.000964904,0.000265069,0.001936762,-1.00E-07,0.001856358,-9.45E-08,0,0,0,0,0,0,0,0,0,0.001322422,0.001322422,0.001322422,0.09,0.104545455,0.091818182,0.078181818,0.077272727,0.117121212,0.92
78,78,hyper,0.219123994,0.6499064,0.848326974,0.978868343,0.213482926,0.821495364,8.00E-01,0.014428659,0.007427836,0.006668354,0.001555518,0.002290439,0.000616559,0.000560463,0.000405049,0.001856984,-9.58E-08,0.001897341,-9.72E-08,0,0,0,0,0,0,0,0,0,0.001322422,0.001322422,0.001322422,0.115,0.096590909,0.080909091,0.073636364,0.080909091,0.12030303,0.908
79,79,hyper,0.194517086,0.686365019,0.943144654,0.970978653,0.272010192,0.845036256,8.00E-01,0.011870362,0.002978475,0.00883363,0.001688257,0.003945693,0.000677386,0.000585671,0.000890295,0.001933989,-1.09E-07,0.001904015,-1.06E-07,0,0,0,0,0,0,0,0,0,0.001322422,0.001322422,0.001322422,0.105,0.102272727,0.078181818,0.081818182,0.069090909,0.11530303,0.886
80,80,hyper,0.202347474,0.689864607,0.852262335,0.940893148,0.199823806,0.705927782,8.00E-01,0.013042843,0.00310631,0.008199064,0.001773663,0.002718088,0.000917359,0.000663709,0.000206318,0.001941461,-9.14E-08,0.001864831,-1.07E-07,0,0,0,0,0,0,0,0,0,0.001322422,0.001322422,0.001322422,0.13,0.0875,0.077272727,0.074545455,0.08,0.116818182,0.912
81,81,hyper,0.199580219,0.655846344,0.836213667,0.986063901,0.216509276,0.890683413,8.00E-01,0.006605738,0.002686219,0.002699074,0.000977513,0.002811836,0.000711727,0.000946415,0.000408754,0.001879426,-9.88E-08,0.001894744,-1.06E-07,0,0,0,0,0,0,0,0,0,0.001322422,0.001322422,0.001322422,0.08,0.097727273,0.092727273,0.090909091,0.071818182,0.122878788,0.906
82,82,hyper,0.205730519,0.74836492,0.739824059,0.95149359,0.292379772,0.890447852,8.00E-01,0.00520398,0.009496149,0.004338717,0.001889142,0.002364619,0.000879981,0.000599809,0.000409792,0.001945534,-1.03E-07,0.001853782,-9.67E-08,0,0,0,0,0,0,0,0,0,0.001322422,0.001322422,0.001322422,0.15,0.080681818,0.091818182,0.087272727,0.079090909,0.12530303,0.926
83,83,hyper,0.210405792,0.636019096,0.829118412,0.94252148,0.189904836,0.875092109,8.00E-01,0.010114327,0.009247194,0.004847031,0.001613133,0.003073705,0.000568215,0.000626545,0.000241243,0.001854179,-1.05E-07,0.001862992,-9.45E-08,0,0,0,0,0,0,0,0,0,0.001322422,0.001322422,0.001322422,0.155,0.0875,0.077272727,0.083636364,0.085454545,0.126212121,0.878
84,84,hyper,0.177402746,0.610126692,0.885839111,0.986933847,0.201060577,0.890317601,8.00E-01,0.009933856,0.002878344,0.002757212,0.001447283,0.003451265,0.000501485,0.000546618,0.000465528,0.001913494,-9.20E-08,0.001862762,-1.02E-07,0,0,0,0,0,0,0,0,0,0.001322422,0.001322422,0.001322422,0.1,0.1,0.081818182,0.086363636,0.069090909,0.119242424,0.906
85,85,hyper,0.193821337,0.631396689,0.915703129,0.908302496,0.189528566,0.856255155,8.00E-01,0.009387465,0.003697723,0.00898889,0.00052582,0.002368623,0.000589929,0.000782511,0.00038139,0.001925207,-9.86E-08,0.001928102,-9.36E-08,0,0,0,0,0,0,0,0,0,0.001322422,0.001322422,0.001322422,0.12,0.110227273,0.102727273,0.094545455,0.083636364,0.118181818,0.918
86,86,hyper,0.21554075,0.757343896,0.884002833,0.95392587,0.237228107,0.837508951,8.00E-01,0.016517659,0.003139233,0.007139379,0.001148642,0.002708151,0.000798608,0.000999942,0.000126156,0.001924497,-9.35E-08,0.001872448,-1.01E-07,0,0,0,0,0,0,0,0,0,0.001322422,0.001322422,0.001322422,0.095,0.109090909,0.099090909,0.098181818,0.07,0.123030303,0.874
87,87,hyper,0.207907513,0.726309404,0.918155362,0.947679419,0.198196942,0.752951916,8.00E-01,0.010986951,0.009637859,0.009155954,0.001442105,0.002268309,0.000695897,0.000763636,0.000255675,0.001931384,-1.07E-07,0.001917059,-1.10E-07,0,0,0,0,0,0,0,0,0,0.001322422,0.001322422,0.001322422,0.115,0.092045455,0.078181818,0.081818182,0.087272727,0.123939394,0.898
88,88,hyper,0.218275707,0.76816015,0.874909497,0.975209501,0.217328987,0.817912537,8.00E-01,0.009836712,0.004100759,0.007023885,0.001800214,0.002587084,0.00079235,0.000772056,0.000140872,0.001938132,-9.71E-08,0.00187929,-9.64E-08,0,0,0,0,0,0,0,0,0,0.001322422,0.001322422,0.001322422,0.12,0.084090909,0.091818182,0.081818182,0.070909091,0.126515152,0.896
89,89,hyper,0.194576966,0.588558546,0.910026112,0.90718895,0.156074796,0.78984265,8.00E-01,0.00547813,0.007113932,0.009152779,0.001437767,0.00306741,0.000585034,0.00067657,0.000953447,0.001884942,-1.08E-07,0.001877462,-1.00E-07,0,0,0,0,0,0,0,0,0,0.001322422,0.001322422,0.001322422,0.13,0.095454545,0.077272727,0.079090909,0.095454545,0.122727273,0.898
90,90,hyper,0.207101986,0.656897594,0.929642907,0.937704212,0.271139918,0.891482899,8.00E-01,0.012784588,0.004096781,0.003617628,0.001735972,0.003840886,0.000844168,0.000710855,0.00085454,0.001876996,-1.02E-07,0.001912691,-1.08E-07,0,0,0,0,0,0,0,0,0,0.001322422,0.001322422,0.001322422,0.105,0.106818182,0.097272727,0.088181818,0.069090909,0.124545455,0.924
91,91,hyper,0.214196354,0.591826531,0.893112842,0.927247446,0.157019219,0.84390549,8.00E-01,0.013587384,0.00731123,0.005721764,0.00194411,0.002141002,0.000971109,0.000839897,0.000260429,0.001910857,-9.48E-08,0.001929058,-9.47E-08,0,0,0,0,0,0,0,0,0,0.001322422,0.001322422,0.001322422,0.12,0.098863636,0.087272727,0.1,0.077272727,0.112878788,0.902
92,92,hyper,0.201110082,0.584271842,0.941775003,0.953447474,0.164276467,0.842139681,8.00E-01,0.010245438,0.003745837,0.007798097,0.000972224,0.002619261,0.000649047,0.000598771,0.000349039,0.001866281,-1.04E-07,0.00192358,-1.01E-07,0,0,0,0,0,0,0,0,0,0.001322422,0.001322422,0.001322422,0.13,0.098863636,0.099090909,0.085454545,0.074545455,0.126969697,0.91
93,93,hyper,0.210907807,0.765611021,0.805089341,0.932120346,0.193785223,0.814435078,8.00E-01,0.018388096,0.009481698,0.005869899,0.00144496,0.002578486,0.000980482,0.000857784,0.000118025,0.001871386,-1.00E-07,0.001875327,-1.03E-07,0,0,0,0,0,0,0,0,0,0.001322422,0.001322422,0.001322422,0.135,0.093181818,0.08,0.075454545,0.079090909,0.126818182,0.904
94,94,hyper,0.175379661,0.667236537,0.88496842,0.988436633,0.23567809,0.821861837,8.00E-01,0.016479123,0.008919619,0.007330016,0.001874004,0.002742027,0.000710249,0.000607453,0.000246267,0.001901146,-9.65E-08,0.00186245,-1.05E-07,0,0,0,0,0,0,0,0,0,0.001322422,0.001322422,0.001322422,0.095,0.081818182,0.080909091,0.097272727,0.091818182,0.119090909,0.886
95,95,hyper,0.203135471,0.754441392,0.943507266,0.910968171,0.179634924,0.875008584,8.00E-01,0.013831694,0.003503032,0.005807475,0.000972236,0.003347462,0.000563357,0.000812003,0.000400834,0.001926981,-1.00E-07,0.001870451,-1.06E-07,0,0,0,0,0,0,0,0,0,0.001322422,0.001322422,0.001322422,0.12,0.073863636,0.083636364,0.090909091,0.084545455,0.121969697,0.904
96,96,hyper,0.19776175,0.609194305,0.93354903,0.99152674,0.262146043,0.797953454,8.00E-01,0.010769114,0.006212174,0.007146775,0.001626191,0.003809482,0.000933335,0.000686659,0.000631871,0.001926382,-9.05E-08,0.001851602,-9.94E-08,0,0,0,0,0,0,0,0,0,0.001322422,0.001322422,0.001322422,0.135,0.093181818,0.095454545,0.077272727,0.078181818,0.130757576,0.926
97,97,hyper,0.198569634,0.619690313,0.911854952,0.948496276,0.258267951,0.88015366,8.00E-01,0.018033091,0.00338108,0.006885564,0.001235958,0.003559503,0.000773234,0.000832037,0.000260302,0.001922738,-1.09E-07,0.001899174,-9.37E-08,0,0,0,0,0,0,0,0,0,0.001322422,0.001322422,0.001322422,0.11,0.096590909,0.084545455,0.085454545,0.087272727,0.127121212,0.916
98,98,hyper,0.211828138,0.736489181,0.881900355,0.937294883,0.215160266,0.866755343,8.00E-01,0.012845131,0.004689019,0.005519426,0.001943237,0.002113114,0.000746031,0.000795483,0.000235487,0.001909414,-9.14E-08,0.001943632,-1.10E-07,0,0,0,0,0,0,0,0,0,0.001322422,0.001322422,0.001322422,0.15,0.089772727,0.092727273,0.084545455,0.08,0.113787879,0.898
99,99,hyper,0.194662561,0.589974683,0.936605695,0.942287814,0.197326979,0.798622323,8.00E-01,0.009099685,0.006892431,0.006228041,0.001631651,0.003836361,0.000892958,0.000957867,0.000489686,0.001943757,-1.00E-07,0.001908065,-1.09E-07,0,0,0,0,0,0,0,0,0,0.001322422,0.001322422,0.001322422,0.11,0.0875,0.097272727,0.080909091,0.081818182,0.122575758,0.91
100,100,hyper,0.214654556,0.643078779,0.747849548,0.904080568,0.180752346,0.732345674,8.00E-01,0.018163386,0.009578471,0.004046002,0.001744715,0.002809936,0.000606141,0.000584759,0.000214534,0.001851458,-1.09E-07,0.001933311,-9.02E-08,0,0,0,0,0,0,0,0,0,0.001322422,0.001322422,0.001322422,0.15,0.103409091,0.093636364,0.092727273,0.069090909,0.118484848,0.88
101,101,hyper,0.199148679,0.69662648,0.946265684,0.925953407,0.173494848,0.740237792,8.00E-01,0.016234917,0.007068732,0.007959292,0.001182229,0.002681851,0.000855282,0.000858723,0.0002081,0.001857748,-1.01E-07,0.001914113,-9.68E-08,0,0,0,0,0,0,0,0,0,0.001322422,0.001322422,0.001322422,0.115,0.109090909,0.107272727,0.072727273,0.085454545,0.121060606,0.912
102,102,hyper,0.213714237,0.669080613,0.928844787,0.928817425,0.176529691,0.888165759,8.00E-01,0.006092729,0.00551751,0.005584668,0.001433176,0.002220731,0.000962105,0.000694758,0.000402396,0.001887281,-1.02E-07,0.001854661,-1.05E-07,0,0,0,0,0,0,0,0,0,0.001322422,0.001322422,0.001322422,0.135,0.084090909,0.082727273,0.108181818,0.071818182,0.125151515,0.894
103,103,hyper,0.202127298,0.717154041,0.826692594,0.973526453,0.17849497,0.885667213,8.00E-01,0.005241542,0.006955135,0.007482182,0.00098618,0.003548569,0.000969742,0.000581514,0.000134809,0.001861269,-1.06E-07,0.001855229,-1.03E-07,0,0,0,0,0,0,0,0,0,0.001322422,0.001322422,0.001322422,0.11,0.097727273,0.083636364,0.095454545,0.080909091,0.116060606,0.902
104,104,hyper,0.202987455,0.619959818,0.907014407,0.965406972,0.160483589,0.852494115,8.00E-01,0.007441196,0.004569227,0.003797261,0.001852816,0.003289932,0.000755283,0.000592781,0.000578106,0.001885759,-9.83E-08,0.001901562,-1.01E-07,0,0,0,0,0,0,0,0,0,0.001322422,0.001322422,0.001322422,0.14,0.095454545,0.089090909,0.086363636,0.09,0.116212121,0.884
105,105,hyper,0.191610226,0.742026894,0.887006964,0.966088792,0.16525187,0.893793929,8.00E-01,0.011701345,0.007829372,0.004591504,0.001214018,0.002751516,0.000849433,0.000814291,0.000302757,0.00189221,-1.07E-07,0.001906122,-1.08E-07,0,0,0,0,0,0,0,0,0,0.001322422,0.001322422,0.001322422,0.11,0.119318182,0.085454545,0.08,0.072727273,0.121363636,0.88
106,106,hyper,0.218569357,0.640605512,0.850265508,0.908779807,0.215600888,0.880100616,8.00E-01,0.007067281,0.007175721,0.00364276,0.00191726,0.002407827,0.00096607,0.000777638,0.00015092,0.001919769,-9.75E-08,0.001877864,-1.08E-07,0,0,0,0,0,0,0,0,0,0.001322422,0.001322422,0.001322422,0.125,0.089772727,0.094545455,0.08,0.072727273,0.126818182,0.88
107,107,hyper,0.211100033,0.744621764,0.873776348,0.95336412,0.185191895,0.89653366,8.00E-01,0.015808441,0.007126373,0.009560982,0.001205016,0.002301116,0.000733855,0.000600858,0.000636551,0.001892463,-1.04E-07,0.001853248,-1.08E-07,0,0,0,0,0,0,0,0,0,0.001322422,0.001322422,0.001322422,0.1,0.104545455,0.095454545,0.089090909,0.080909091,0.123181818,0.894
108,108,hyper,0.215981945,0.681517211,0.931977944,0.932043498,0.191732823,0.807287647,8.00E-01,0.008614375,0.008491492,0.003936273,0.001928704,0.003352525,0.000700304,0.000515392,0.000419393,0.001921664,-9.53E-08,0.001897896,-1.03E-07,0,0,0,0,0,0,0,0,0,0.001322422,0.001322422,0.001322422,0.12,0.093181818,0.09,0.102727273,0.082727273,0.123787879,0.898
109,109,hyper,0.190888833,0.683882638,0.821348213,0.994280981,0.270942466,0.837276268,8.00E-01,0.008472723,0.008324309,0.007859075,0.000545384,0.002719409,0.00072613,0.000958067,0.000263542,0.001852184,-9.06E-08,0.001929004,-1.09E-07,0,0,0,0,0,0,0,0,0,0.001322422,0.001322422,0.001322422,0.095,0.105681818,0.081818182,0.071818182,0.084545455,0.123030303,0.906
110,110,hyper,0.205555267,0.661883271,0.921070575,0.924003569,0.191482255,0.784993559,8.00E-01,0.013142433,0.00940202,0.007377081,0.001442022,0.003731136,0.000682387,0.000597421,0.000346745,0.001851556,-1.01E-07,0.001854536,-1.03E-07,0,0,0,0,0,0,0,0,0,0.001322422,0.001322422,0.001322422,0.08,0.109090909,0.082727273,0.070909091,0.082727273,0.119848485,0.88
111,111,hyper,0.217157308,0.658663139,0.869244003,0.967294485,0.181463511,0.778616308,8.00E-01,0.005226558,0.007287514,0.008614917,0.001001544,0.002457762,0.000841787,0.000697425,0.000855456,0.001857956,-9.01E-08,0.00190479,-9.65E-08,0,0,0,0,0,0,0,0,0,0.001322422,0.001322422,0.001322422,0.105,0.107954545,0.084545455,0.090909091,0.075454545,0.119393939,0.886
112,112,hyper,0.209382052,0.767245319,0.872413599,0.961219788,0.207090394,0.851459726,8.00E-01,0.017532806,0.008388561,0.006982522,0.001006503,0.002191104,0.000554268,0.000502007,0.000557809,0.001936935,-9.53E-08,0.001938594,-9.19E-08,0,0,0,0,0,0,0,0,0,0.001322422,0.001322422,0.001322422,0.16,0.094318182,0.108181818,0.097272727,0.088181818,0.119848485,0.902
113,113,hyper,0.19286615,0.763859632,0.929269801,0.912928393,0.213807712,0.858325415,8.00E-01,0.008326206,0.009790656,0.007065384,0.001738683,0.003837683,0.000699851,0.000964064,0.000175671,0.001934548,-9.48E-08,0.001880568,-9.63E-08,0,0,0,0,0,0,0,0,0,0.001322422,0.001322422,0.001322422,0.1,0.077272727,0.082727273,0.086363636,0.074545455,0.125454545,0.878
114,114,hyper,0.192888618,0.745741819,0.947135864,0.978952821,0.156281641,0.87777472,8.00E-01,0.015586011,0.007730705,0.006530138,0.000586974,0.00304882,0.000540202,0.000713017,0.000394138,0.001934255,-9.79E-08,0.001942281,-1.06E-07,0,0,0,0,0,0,0,0,0,0.001322422,0.001322422,0.001322422,0.12,0.097727273,0.094545455,0.075454545,0.076363636,0.124848485,0.93
115,115,hyper,0.20472448,0.727843468,0.925814031,0.989960351,0.151405767,0.81904144,8.00E-01,0.005198726,0.004204766,0.006781131,0.001712096,0.002132074,0.000769692,0.000802373,0.000379653,0.001854936,-9.81E-08,0.001893212,-9.76E-08,0,0,0,0,0,0,0,0,0,0.001322422,0.001322422,0.001322422,0.14,0.081818182,0.088181818,0.069090909,0.087272727,0.12469697,0.89
116,116,hyper,0.198364407,0.714662847,0.928094307,0.98401215,0.284929987,0.868342665,8.00E-01,0.017232961,0.009738535,0.007457341,0.001600071,0.003103345,0.000617601,0.00098621,0.000617391,0.001915223,-1.03E-07,0.001901664,-1.04E-07,0,0,0,0,0,0,0,0,0,0.001322422,0.001322422,0.001322422,0.16,0.105681818,0.101818182,0.082727273,0.074545455,0.116818182,0.898
117,117,hyper,0.211274254,0.582527522,0.879706444,0.904854744,0.207623317,0.850986494,8.00E-01,0.007884221,0.005443896,0.009302851,0.001728479,0.002252308,0.000869658,0.000615241,0.000122724,0.001910538,-9.66E-08,0.001872117,-1.09E-07,0,0,0,0,0,0,0,0,0,0.001322422,0.001322422,0.001322422,0.115,0.102272727,0.09,0.084545455,0.079090909,0.125606061,0.892
118,118,hyper,0.211274254,0.582527522,0.879706444,0.904854744,0.207623317,0.850986494,8.00E-01,0.007884221,0.005443896,0.009302851,0.001728479,0.002252308,0.000869658,0.000615241,0.000122724,0.001910538,-9.66E-08,0.001872117,-1.09E-07,0,0,0,0,0,0,0,0,0,0.001322422,0.001322422,0.001322422,0.11,0.105681818,0.08,0.076363636,0.077272727,0.122575758,0.888
119,119,hyper,0.203949371,0.613529727,0.819140501,0.932525159,0.210171988,0.787642433,8.00E-01,0.008542565,0.006174869,0.005787247,0.001125087,0.003954855,0.000654205,0.000642018,0.000636515,0.001850462,-9.01E-08,0.00186344,-9.12E-08,0,0,0,0,0,0,0,0,0,0.001322422,0.001322422,0.001322422,0.135,0.088636364,0.085454545,0.072727273,0.072727273,0.123181818,0.912
120,120,hyper,0.200733132,0.661909773,0.803444058,0.968178403,0.238800723,0.827785638,8.00E-01,0.011538453,0.008765381,0.002752793,0.001784795,0.003857786,0.000599329,0.000728941,0.000280075,0.001902378,-1.01E-07,0.001920538,-1.08E-07,0,0,0,0,0,0,0,0,0,0.001322422,0.001322422,0.001322422,0.08,0.075,0.095454545,0.078181818,0.064545455,0.123484848,0.906
121,121,hyper,0.207101986,0.656897594,0.929642907,0.937704212,0.271139918,0.891482899,8.00E-01,0.012784588,0.004096781,0.003617628,0.001735972,0.003840886,0.000844168,0.000710855,0.00085454,0.001876996,-1.02E-07,0.001912691,-1.08E-07,0,0,0,0,0,0,0,0,0,0.001322422,0.001322422,0.001322422,0.095,0.105681818,0.079090909,0.089090909,0.076363636,0.123030303,0.874
122,122,hyper,0.209382052,0.767245319,0.872413599,0.961219788,0.207090394,0.851459726,8.00E-01,0.017532806,0.008388561,0.006982522,0.001006503,0.002191104,0.000554268,0.000502007,0.000557809,0.001936935,-9.53E-08,0.001938594,-9.19E-08,0,0,0,0,0,0,0,0,0,0.001322422,0.001322422,0.001322422,0.17,0.123863636,0.093636364,0.090909091,0.095454545,0.122272727,0.914
123,123,hyper,0.213714237,0.669080613,0.928844787,0.928817425,0.176529691,0.888165759,8.00E-01,0.006092729,0.00551751,0.005584668,0.001433176,0.002220731,0.000962105,0.000694758,0.000402396,0.001887281,-1.02E-07,0.001854661,-1.05E-07,0,0,0,0,0,0,0,0,0,0.001322422,0.001322422,0.001322422,0.1,0.086363636,0.101818182,0.084545455,0.095454545,0.121666667,0.884
124,124,hyper,0.205555267,0.661883271,0.921070575,0.924003569,0.191482255,0.784993559,8.00E-01,0.013142433,0.00940202,0.007377081,0.001442022,0.003731136,0.000682387,0.000597421,0.000346745,0.001851556,-1.01E-07,0.001854536,-1.03E-07,0,0,0,0,0,0,0,0,0,0.001322422,0.001322422,0.001322422,0.085,0.088636364,0.089090909,0.099090909,0.073636364,0.121212121,0.918
125,125,hyper,0.194557821,0.698138619,0.855922029,0.944918706,0.177741282,0.77657714,8.00E-01,0.016608949,0.00834564,0.008794368,0.001315793,0.002434563,0.000646681,0.000512284,0.00026119,0.001877604,-9.37E-08,0.001882998,-1.09E-07,0,0,0,0,0,0,0,0,0,0.001322422,0.001322422,0.001322422,0.125,0.093181818,0.093636364,0.091818182,0.086363636,0.117878788,0.924
126,126,hyper,0.206473244,0.64826163,0.927778409,0.965251407,0.220555639,0.758475033,8.00E-01,0.013188427,0.008326941,0.007202981,0.001020512,0.003530317,0.000818768,0.00090524,0.000243964,0.001889854,-1.06E-07,0.001943777,-9.28E-08,0,0,0,0,0,0,0,0,0,0.001322422,0.001322422,0.001322422,0.145,0.080681818,0.076363636,0.082727273,0.077272727,0.122727273,0.902
127,127,hyper,0.200733132,0.661909773,0.803444058,0.968178403,0.238800723,0.827785638,8.00E-01,0.011538453,0.008765381,0.002752793,0.001784795,0.003857786,0.000599329,0.000728941,0.000280075,0.001902378,-1.01E-07,0.001920538,-1.08E-07,0,0,0,0,0,0,0,0,0,0.001322422,0.001322422,0.001322422,0.155,0.092045455,0.090909091,0.106363636,0.077272727,0.12469697,0.918
128,128,hyper,0.210443182,0.690733802,0.920936385,0.999996457,0.168823237,0.836733485,8.00E-01,0.009689787,0.002812602,0.008512455,0.001511031,0.003635118,0.000691455,0.000692142,0.000415694,0.001886763,-1.04E-07,0.001930783,-1.01E-07,0,0,0,0,0,0,0,0,0,0.001322422,0.001322422,0.001322422,0.145,0.092045455,0.093636364,0.089090909,0.080909091,0.123939394,0.908
129,129,hyper,0.202404831,0.645598775,0.853053879,0.941441417,0.200732475,0.782350829,8.00E-01,0.005786755,0.008979432,0.008591683,0.001961281,0.003893154,0.000846326,0.000759229,0.000137835,0.001877805,-1.08E-07,0.001908843,-9.43E-08,0,0,0,0,0,0,0,0,0,0.001322422,0.001322422,0.001322422,0.1,0.094318182,0.103636364,0.070909091,0.080909091,0.119242424,0.908
130,130,hyper,0.19776175,0.609194305,0.93354903,0.99152674,0.262146043,0.797953454,8.00E-01,0.010769114,0.006212174,0.007146775,0.001626191,0.003809482,0.000933335,0.000686659,0.000631871,0.001926382,-9.05E-08,0.001851602,-9.94E-08,0,0,0,0,0,0,0,0,0,0.001322422,0.001322422,0.001322422,0.095,0.076136364,0.081818182,0.093636364,0.082727273,0.124242424,0.912
131,131,hyper,0.198364407,0.714662847,0.928094307,0.98401215,0.284929987,0.868342665,8.00E-01,0.017232961,0.009738535,0.007457341,0.001600071,0.003103345,0.000617601,0.00098621,0.000617391,0.001915223,-1.03E-07,0.001901664,-1.04E-07,0,0,0,0,0,0,0,0,0,0.001322422,0.001322422,0.001322422,0.09,0.092045455,0.097272727,0.081818182,0.089090909,0.121969697,0.878
132,132,hyper,0.200072298,0.623882435,0.880546718,0.95218599,0.157565085,0.874148377,8.00E-01,0.007434886,0.009086425,0.00997961,0.000985795,0.003422658,0.000585083,0.000511515,0.000210707,0.001902186,-1.08E-07,0.001901884,-1.05E-07,0,0,0,0,0,0,0,0,0,0.001322422,0.001322422,0.001322422,0.095,0.095454545,0.085454545,0.086363636,0.07,0.121060606,0.912
133,133,hyper,0.183778625,0.650699557,0.882953,0.9879,0.183861086,0.873293978,8.00E-01,0.018762488,0.005715646,0.008030216,0.001371037,0.003440079,0.000865856,0.000894498,0.000298409,0.001889355,-9.74E-08,0.001860972,-9.20E-08,0,0,0,0,0,0,0,0,0,0.001322422,0.001322422,0.001322422,0.11,0.076136364,0.081818182,0.093636364,0.072727273,0.126969697,0.892
134,134,hyper,0.218558728,0.708187342,0.890207793,0.974093368,0.169634899,0.806371522,8.00E-01,0.015477132,0.002739487,0.004739725,0.001761207,0.002790029,0.000841876,0.000511337,0.000151499,0.001861268,-1.10E-07,0.001895069,-1.06E-07,0,0,0,0,0,0,0,0,0,0.001322422,0.001322422,0.001322422,0.11,0.088636364,0.08,0.085454545,0.079090909,0.121060606,0.914
135,135,hyper,0.217157308,0.658663139,0.869244003,0.967294485,0.181463511,0.778616308,8.00E-01,0.005226558,0.007287514,0.008614917,0.001001544,0.002457762,0.000841787,0.000697425,0.000855456,0.001857956,-9.01E-08,0.00190479,-9.65E-08,0,0,0,0,0,0,0,0,0,0.001322422,0.001322422,0.001322422,0.105,0.105681818,0.092727273,0.083636364,0.08,0.128484848,0.902
136,136,hyper,0.21367765,0.737894026,0.881013717,0.950288931,0.199076813,0.85429199,8.00E-01,0.014020665,0.005531458,0.009070024,0.001556342,0.00382753,0.000882169,0.000505501,0.000397404,0.001889189,-1.01E-07,0.001903083,-1.08E-07,0,0,0,0,0,0,0,0,0,0.001322422,0.001322422,0.001322422,0.105,0.105681818,0.07,0.073636364,0.085454545,0.123181818,0.886
137,137,hyper,0.209148111,0.632134502,0.813161014,0.911592713,0.188377756,0.798985208,8.00E-01,0.014453688,0.004744679,0.003551381,0.001440153,0.003919617,0.000706242,0.000543056,0.00021205,0.001868525,-1.08E-07,0.001885606,-9.99E-08,0,0,0,0,0,0,0,0,0,0.001322422,0.001322422,0.001322422,0.13,0.1,0.099090909,0.076363636,0.073636364,0.124393939,0.882
138,138,hyper,0.201107902,0.699886103,0.842930668,0.980627421,0.293195996,0.770887471,8.00E-01,0.013186902,0.007346905,0.008459623,0.001913457,0.002624158,0.000728645,0.000591188,0.000890675,0.001910644,-1.09E-07,0.001894076,-1.08E-07,0,0,0,0,0,0,0,0,0,0.001322422,0.001322422,0.001322422,0.11,0.094318182,0.092727273,0.080909091,0.076363636,0.121363636,0.91
139,139,hyper,0.211100033,0.744621764,0.873776348,0.95336412,0.185191895,0.89653366,8.00E-01,0.015808441,0.007126373,0.009560982,0.001205016,0.002301116,0.000733855,0.000600858,0.000636551,0.001892463,-1.04E-07,0.001853248,-1.08E-07,0,0,0,0,0,0,0,0,0,0.001322422,0.001322422,0.001322422,0.11,0.090909091,0.104545455,0.08,0.078181818,0.11530303,0.912
140,140,hyper,0.209339701,0.740586152,0.862138288,0.927353825,0.233783666,0.701092552,8.00E-01,0.011016832,0.00572705,0.008576796,0.001898964,0.003095965,0.000555642,0.00052735,0.000666185,0.001914135,-1.07E-07,0.001944497,-9.99E-08,0,0,0,0,0,0,0,0,0,0.001322422,0.001322422,0.001322422,0.105,0.0875,0.098181818,0.103636364,0.083636364,0.124393939,0.9
141,141,hyper,0.21367765,0.737894026,0.881013717,0.950288931,0.199076813,0.85429199,8.00E-01,0.014020665,0.005531458,0.009070024,0.001556342,0.00382753,0.000882169,0.000505501,0.000397404,0.001889189,-1.01E-07,0.001903083,-1.08E-07,0,0,0,0,0,0,0,0,0,0.001322422,0.001322422,0.001322422,0.13,0.089772727,0.084545455,0.066363636,0.056363636,0.129848485,0.916
142,142,hyper,0.205555267,0.661883271,0.921070575,0.924003569,0.191482255,0.784993559,8.00E-01,0.013142433,0.00940202,0.007377081,0.001442022,0.003731136,0.000682387,0.000597421,0.000346745,0.001851556,-1.01E-07,0.001854536,-1.03E-07,0,0,0,0,0,0,0,0,0,0.001322422,0.001322422,0.001322422,0.1,0.084090909,0.093636364,0.094545455,0.084545455,0.125606061,0.9
143,143,hyper,0.201455532,0.748648482,0.86818935,0.917984672,0.197241647,0.883531359,8.00E-01,0.009622372,0.005894236,0.00971441,0.001475308,0.00277154,0.000971246,0.000926498,0.000173675,0.001931199,-9.02E-08,0.001869079,-9.16E-08,0,0,0,0,0,0,0,0,0,0.001322422,0.001322422,0.001322422,0.13,0.084090909,0.078181818,0.088181818,0.082727273,0.122121212,0.898
144,144,hyper,0.194174925,0.671855106,0.948837265,0.985059661,0.151285381,0.853519613,8.00E-01,0.00541255,0.004433034,0.006090973,0.001812228,0.003589474,0.000698541,0.00076871,0.00047914,0.001932225,-1.08E-07,0.001903349,-9.46E-08,0,0,0,0,0,0,0,0,0,0.001322422,0.001322422,0.001322422,0.125,0.090909091,0.088181818,0.083636364,0.084545455,0.114545455,0.924
145,145,hyper,0.219123994,0.6499064,0.848326974,0.978868343,0.213482926,0.821495364,8.00E-01,0.014428659,0.007427836,0.006668354,0.001555518,0.002290439,0.000616559,0.000560463,0.000405049,0.001856984,-9.58E-08,0.001897341,-9.72E-08,0,0,0,0,0,0,0,0,0,0.001322422,0.001322422,0.001322422,0.11,0.113636364,0.1,0.081818182,0.074545455,0.124393939,0.878
146,146,hyper,0.205555267,0.661883271,0.921070575,0.924003569,0.191482255,0.784993559,8.00E-01,0.013142433,0.00940202,0.007377081,0.001442022,0.003731136,0.000682387,0.000597421,0.000346745,0.001851556,-1.01E-07,0.001854536,-1.03E-07,0,0,0,0,0,0,0,0,0,0.001322422,0.001322422,0.001322422,0.125,0.086363636,0.080909091,0.091818182,0.079090909,0.127424242,0.902
147,147,hyper,0.219577776,0.631376989,0.877109223,0.95237281,0.181610807,0.890916182,8.00E-01,0.01360663,0.006167528,0.009026462,0.000958348,0.002270069,0.000644706,0.000994908,0.000250902,0.001897287,-1.02E-07,0.001867402,-1.05E-07,0,0,0,0,0,0,0,0,0,0.001322422,0.001322422,0.001322422,0.145,0.090909091,0.096363636,0.098181818,0.071818182,0.116212121,0.878
148,148,hyper,0.213329951,0.699190149,0.747608771,0.953508675,0.211005733,0.833234229,8.00E-01,0.016054391,0.006385259,0.004753466,0.001714384,0.002637731,0.000791574,0.000556567,0.000210147,0.001930496,-9.88E-08,0.001928425,-9.56E-08,0,0,0,0,0,0,0,0,0,0.001322422,0.001322422,0.001322422,0.11,0.098863636,0.083636364,0.081818182,0.085454545,0.120606061,0.902
149,149,hyper,0.175379661,0.667236537,0.88496842,0.988436633,0.23567809,0.821861837,8.00E-01,0.016479123,0.008919619,0.007330016,0.001874004,0.002742027,0.000710249,0.000607453,0.000246267,0.001901146,-9.65E-08,0.00186245,-1.05E-07,0,0,0,0,0,0,0,0,0,0.001322422,0.001322422,0.001322422,0.175,0.105681818,0.092727273,0.083636364,0.081818182,0.125606061,0.92
150,150,hyper,0.206532036,0.59848665,0.789327859,0.990762574,0.270900666,0.878418804,8.00E-01,0.014835112,0.008647132,0.004784763,0.001748044,0.002871914,0.000818122,0.000851682,0.000330451,0.001860839,-1.08E-07,0.001875394,-1.07E-07,0,0,0,0,0,0,0,0,0,0.001322422,0.001322422,0.001322422,0.1,0.090909091,0.088181818,0.08,0.089090909,0.118181818,0.9
151,151,hyper,0.175379661,0.667236537,0.88496842,0.988436633,0.23567809,0.821861837,8.00E-01,0.016479123,0.008919619,0.007330016,0.001874004,0.002742027,0.000710249,0.000607453,0.000246267,0.001901146,-9.65E-08,0.00186245,-1.05E-07,0,0,0,0,0,0,0,0,0,0.001322422,0.001322422,0.001322422,0.12,0.090909091,0.079090909,0.089090909,0.08,0.123484848,0.916
152,152,hyper,0.211100033,0.744621764,0.873776348,0.95336412,0.185191895,0.89653366,8.00E-01,0.015808441,0.007126373,0.009560982,0.001205016,0.002301116,0.000733855,0.000600858,0.000636551,0.001892463,-1.04E-07,0.001853248,-1.08E-07,0,0,0,0,0,0,0,0,0,0.001322422,0.001322422,0.001322422,0.06,0.098863636,0.094545455,0.08,0.088181818,0.115909091,0.916
153,153,hyper,0.214196354,0.591826531,0.893112842,0.927247446,0.157019219,0.84390549,8.00E-01,0.013587384,0.00731123,0.005721764,0.00194411,0.002141002,0.000971109,0.000839897,0.000260429,0.001910857,-9.48E-08,0.001929058,-9.47E-08,0,0,0,0,0,0,0,0,0,0.001322422,0.001322422,0.001322422,0.095,0.101136364,0.095454545,0.073636364,0.076363636,0.115909091,0.916
154,154,hyper,0.215291847,0.635806535,0.891763928,0.983097571,0.217722842,0.879304579,8.00E-01,0.008625268,0.007594314,0.008958394,0.001363292,0.002541739,0.000840173,0.000929092,0.000170665,0.001883315,-1.04E-07,0.001892818,-1.07E-07,0,0,0,0,0,0,0,0,0,0.001322422,0.001322422,0.001322422,0.11,0.098863636,0.092727273,0.083636364,0.082727273,0.118484848,0.898
155,155,hyper,0.201110082,0.584271842,0.941775003,0.953447474,0.164276467,0.842139681,8.00E-01,0.010245438,0.003745837,0.007798097,0.000972224,0.002619261,0.000649047,0.000598771,0.000349039,0.001866281,-1.04E-07,0.00192358,-1.01E-07,0,0,0,0,0,0,0,0,0,0.001322422,0.001322422,0.001322422,0.115,0.096590909,0.104545455,0.09,0.068181818,0.127575758,0.906
156,156,hyper,0.202347474,0.689864607,0.852262335,0.940893148,0.199823806,0.705927782,8.00E-01,0.013042843,0.00310631,0.008199064,0.001773663,0.002718088,0.000917359,0.000663709,0.000206318,0.001941461,-9.14E-08,0.001864831,-1.07E-07,0,0,0,0,0,0,0,0,0,0.001322422,0.001322422,0.001322422,0.105,0.111363636,0.074545455,0.08,0.072727273,0.125606061,0.918
157,157,hyper,0.167956615,0.742304769,0.785581349,0.950046059,0.22444671,0.82700956,8.00E-01,0.007212203,0.008475115,0.005322607,0.001766167,0.003626716,0.000855996,0.000964904,0.000265069,0.001936762,-1.00E-07,0.001856358,-9.45E-08,0,0,0,0,0,0,0,0,0,0.001322422,0.001322422,0.001322422,0.125,0.086363636,0.102727273,0.082727273,0.067272727,0.121666667,0.91
158,158,hyper,0.201350072,0.646589378,0.941090889,0.999436548,0.205349356,0.893217341,8.00E-01,0.014470583,0.004413906,0.006666448,0.001940361,0.00277357,0.000681749,0.000776987,0.000298192,0.001929893,-1.07E-07,0.00190146,-9.89E-08,0,0,0,0,0,0,0,0,0,0.001322422,0.001322422,0.001322422,0.14,0.105681818,0.076363636,0.098181818,0.073636364,0.118484848,0.89
159,159,hyper,0.216219751,0.641952888,0.902213579,0.945959624,0.223783998,0.888780009,8.00E-01,0.016816253,0.005562099,0.005261054,0.001790747,0.002060506,0.000590029,0.000930201,0.000438384,0.001888322,-1.02E-07,0.001901165,-1.04E-07,0,0,0,0,0,0,0,0,0,0.001322422,0.001322422,0.001322422,0.11,0.103409091,0.101818182,0.080909091,0.090909091,0.124090909,0.924
160,160,hyper,0.208815672,0.768525672,0.687236432,0.904886531,0.191025398,0.837524969,8.00E-01,0.009087342,0.007806827,0.002714283,0.001885309,0.003624694,0.000942526,0.000875419,0.000354816,0.001906417,-9.52E-08,0.001854581,-1.03E-07,0,0,0,0,0,0,0,0,0,0.001322422,0.001322422,0.001322422,0.125,0.096590909,0.078181818,0.080909091,0.097272727,0.122727273,0.904
161,161,hyper,0.218569357,0.640605512,0.850265508,0.908779807,0.215600888,0.880100616,8.00E-01,0.007067281,0.007175721,0.00364276,0.00191726,0.002407827,0.00096607,0.000777638,0.00015092,0.001919769,-9.75E-08,0.001877864,-1.08E-07,0,0,0,0,0,0,0,0,0,0.001322422,0.001322422,0.001322422,0.09,0.098863636,0.099090909,0.085454545,0.08,0.123030303,0.904
162,162,hyper,0.201110082,0.584271842,0.941775003,0.953447474,0.164276467,0.842139681,8.00E-01,0.010245438,0.003745837,0.007798097,0.000972224,0.002619261,0.000649047,0.000598771,0.000349039,0.001866281,-1.04E-07,0.00192358,-1.01E-07,0,0,0,0,0,0,0,0,0,0.001322422,0.001322422,0.001322422,0.12,0.079545455,0.083636364,0.087272727,0.061818182,0.119242424,0.902
163,163,hyper,0.195703797,0.580079949,0.645536476,0.93917297,0.181100539,0.807591616,8.00E-01,0.011228671,0.006543183,0.003452899,0.001909527,0.003378792,0.000515831,0.000683689,0.00010881,0.001917946,-9.82E-08,0.001908167,-9.38E-08,0,0,0,0,0,0,0,0,0,0.001322422,0.001322422,0.001322422,0.115,0.094318182,0.091818182,0.107272727,0.075454545,0.118636364,0.86
164,164,hyper,0.199148679,0.69662648,0.946265684,0.925953407,0.173494848,0.740237792,8.00E-01,0.016234917,0.007068732,0.007959292,0.001182229,0.002681851,0.000855282,0.000858723,0.0002081,0.001857748,-1.01E-07,0.001914113,-9.68E-08,0,0,0,0,0,0,0,0,0,0.001322422,0.001322422,0.001322422,0.11,0.103409091,0.094545455,0.099090909,0.072727273,0.127424242,0.886
165,165,hyper,0.205363477,0.62992182,0.886905398,0.940419195,0.220625349,0.760680122,8.00E-01,0.018161997,0.009187778,0.008498924,0.001547837,0.003891954,0.000804944,0.000885363,0.000153428,0.001942204,-9.58E-08,0.001947552,-1.04E-07,0,0,0,0,0,0,0,0,0,0.001322422,0.001322422,0.001322422,0.145,0.089772727,0.087272727,0.095454545,0.078181818,0.125757576,0.908
166,166,hyper,0.189529329,0.664773122,0.913765547,0.956963163,0.159993932,0.839899238,8.00E-01,0.016999207,0.005969018,0.005558223,0.000982886,0.002070574,0.000721061,0.000835961,0.000280282,0.001862967,-9.36E-08,0.0018941,-9.51E-08,0,0,0,0,0,0,0,0,0,0.001322422,0.001322422,0.001322422,0.12,0.101136364,0.082727273,0.088181818,0.075454545,0.116666667,0.906
167,167,hyper,0.194576966,0.588558546,0.910026112,0.90718895,0.156074796,0.78984265,8.00E-01,0.00547813,0.007113932,0.009152779,0.001437767,0.00306741,0.000585034,0.00067657,0.000953447,0.001884942,-1.08E-07,0.001877462,-1.00E-07,0,0,0,0,0,0,0,0,0,0.001322422,0.001322422,0.001322422,0.11,0.092045455,0.097272727,0.103636364,0.075454545,0.118030303,0.912
168,168,hyper,0.199148679,0.69662648,0.946265684,0.925953407,0.173494848,0.740237792,8.00E-01,0.016234917,0.007068732,0.007959292,0.001182229,0.002681851,0.000855282,0.000858723,0.0002081,0.001857748,-1.01E-07,0.001914113,-9.68E-08,0,0,0,0,0,0,0,0,0,0.001322422,0.001322422,0.001322422,0.11,0.097727273,0.076363636,0.092727273,0.08,0.119545455,0.908
169,169,hyper,0.205363477,0.62992182,0.886905398,0.940419195,0.220625349,0.760680122,8.00E-01,0.018161997,0.009187778,0.008498924,0.001547837,0.003891954,0.000804944,0.000885363,0.000153428,0.001942204,-9.58E-08,0.001947552,-1.04E-07,0,0,0,0,0,0,0,0,0,0.001322422,0.001322422,0.001322422,0.105,0.096590909,0.082727273,0.091818182,0.085454545,0.123181818,0.902
170,170,hyper,0.209035945,0.685008667,0.928504212,0.933805687,0.17211944,0.863480485,8.00E-01,0.01702561,0.006464078,0.006540627,0.001605008,0.003432383,0.000977316,0.000502642,0.000482057,0.001943891,-9.90E-08,0.001906091,-1.01E-07,0,0,0,0,0,0,0,0,0,0.001322422,0.001322422,0.001322422,0.11,0.107954545,0.087272727,0.099090909,0.059090909,0.119393939,0.898
171,171,hyper,0.192888618,0.745741819,0.947135864,0.978952821,0.156281641,0.87777472,8.00E-01,0.015586011,0.007730705,0.006530138,0.000586974,0.00304882,0.000540202,0.000713017,0.000394138,0.001934255,-9.79E-08,0.001942281,-1.06E-07,0,0,0,0,0,0,0,0,0,0.001322422,0.001322422,0.001322422,0.1,0.086363636,0.072727273,0.079090909,0.085454545,0.118484848,0.88
172,172,hyper,0.216219751,0.641952888,0.902213579,0.945959624,0.223783998,0.888780009,8.00E-01,0.016816253,0.005562099,0.005261054,0.001790747,0.002060506,0.000590029,0.000930201,0.000438384,0.001888322,-1.02E-07,0.001901165,-1.04E-07,0,0,0,0,0,0,0,0,0,0.001322422,0.001322422,0.001322422,0.12,0.081818182,0.090909091,0.09,0.093636364,0.126818182,0.888
173,173,hyper,0.200072298,0.623882435,0.880546718,0.95218599,0.157565085,0.874148377,8.00E-01,0.007434886,0.009086425,0.00997961,0.000985795,0.003422658,0.000585083,0.000511515,0.000210707,0.001902186,-1.08E-07,0.001901884,-1.05E-07,0,0,0,0,0,0,0,0,0,0.001322422,0.001322422,0.001322422,0.11,0.086363636,0.081818182,0.085454545,0.075454545,0.127727273,0.902
174,174,hyper,0.218558728,0.708187342,0.890207793,0.974093368,0.169634899,0.806371522,8.00E-01,0.015477132,0.002739487,0.004739725,0.001761207,0.002790029,0.000841876,0.000511337,0.000151499,0.001861268,-1.10E-07,0.001895069,-1.06E-07,0,0,0,0,0,0,0,0,0,0.001322422,0.001322422,0.001322422,0.145,0.1,0.078181818,0.087272727,0.07,0.118939394,0.914
175,175,hyper,0.167956615,0.742304769,0.785581349,0.950046059,0.22444671,0.82700956,8.00E-01,0.007212203,0.008475115,0.005322607,0.001766167,0.003626716,0.000855996,0.000964904,0.000265069,0.001936762,-1.00E-07,0.001856358,-9.45E-08,0,0,0,0,0,0,0,0,0,0.001322422,0.001322422,0.001322422,0.115,0.068181818,0.105454545,0.076363636,0.083636364,0.114848485,0.882
176,176,hyper,0.215990231,0.751176535,0.899441889,0.974728885,0.197939313,0.848092681,8.00E-01,0.01508479,0.00884263,0.009426541,0.001501094,0.002280039,0.000885694,0.000532214,0.000496805,0.001887256,-1.05E-07,0.001888041,-9.33E-08,0,0,0,0,0,0,0,0,0,0.001322422,0.001322422,0.001322422,0.12,0.089772727,0.093636364,0.088181818,0.070909091,0.119090909,0.908
177,177,hyper,0.203109943,0.640332541,0.855015701,0.956176005,0.278814852,0.886616333,8.00E-01,0.01968139,0.005098032,0.007613501,0.001941159,0.002808173,0.000585466,0.000759883,0.000675129,0.001898902,-1.02E-07,0.00191863,-9.52E-08,0,0,0,0,0,0,0,0,0,0.001322422,0.001322422,0.001322422,0.105,0.089772727,0.084545455,0.094545455,0.076363636,0.127575758,0.9
178,178,hyper,0.197590268,0.739385762,0.938786858,0.906400817,0.213472621,0.882137725,8.00E-01,0.015036038,0.009406714,0.003677359,0.001441934,0.002803346,0.000564917,0.000895681,0.000104707,0.001904943,-1.07E-07,0.001944873,-1.01E-07,0,0,0,0,0,0,0,0,0,0.001322422,0.001322422,0.001322422,0.11,0.106818182,0.09,0.076363636,0.071818182,0.12530303,0.906
179,179,hyper,0.213329951,0.699190149,0.747608771,0.953508675,0.211005733,0.833234229,8.00E-01,0.016054391,0.006385259,0.004753466,0.001714384,0.002637731,0.000791574,0.000556567,0.000210147,0.001930496,-9.88E-08,0.001928425,-9.56E-08,0,0,0,0,0,0,0,0,0,0.001322422,0.001322422,0.001322422,0.145,0.082954545,0.104545455,0.09,0.08,0.125454545,0.912
180,180,hyper,0.196119926,0.659987504,0.905042323,0.933875405,0.175868079,0.885144555,8.00E-01,0.016335978,0.009801996,0.007581556,0.00113146,0.003665928,0.000864709,0.000570044,0.000350732,0.001878291,-9.82E-08,0.001870789,-1.05E-07,0,0,0,0,0,0,0,0,0,0.001322422,0.001322422,0.001322422,0.095,0.098863636,0.093636364,0.085454545,0.081818182,0.121818182,0.91
181,181,hyper,0.201110082,0.584271842,0.941775003,0.953447474,0.164276467,0.842139681,8.00E-01,0.010245438,0.003745837,0.007798097,0.000972224,0.002619261,0.000649047,0.000598771,0.000349039,0.001866281,-1.04E-07,0.00192358,-1.01E-07,0,0,0,0,0,0,0,0,0,0.001322422,0.001322422,0.001322422,0.13,0.096590909,0.081818182,0.086363636,0.069090909,0.116060606,0.904
182,182,hyper,0.201110082,0.584271842,0.941775003,0.953447474,0.164276467,0.842139681,8.00E-01,0.010245438,0.003745837,0.007798097,0.000972224,0.002619261,0.000649047,0.000598771,0.000349039,0.001866281,-1.04E-07,0.00192358,-1.01E-07,0,0,0,0,0,0,0,0,0,0.001322422,0.001322422,0.001322422,0.125,0.088636364,0.085454545,0.092727273,0.087272727,0.121212121,0.914
183,183,hyper,0.193700014,0.623106933,0.948984243,0.93785561,0.234703245,0.890284935,8.00E-01,0.014958108,0.005924197,0.009112865,0.001653872,0.003307934,0.000704199,0.000607755,0.000336373,0.001941691,-9.40E-08,0.001898645,-1.05E-07,0,0,0,0,0,0,0,0,0,0.001322422,0.001322422,0.001322422,0.1,0.082954545,0.098181818,0.073636364,0.079090909,0.117272727,0.9
184,184,hyper,0.194576966,0.588558546,0.910026112,0.90718895,0.156074796,0.78984265,8.00E-01,0.00547813,0.007113932,0.009152779,0.001437767,0.00306741,0.000585034,0.00067657,0.000953447,0.001884942,-1.08E-07,0.001877462,-1.00E-07,0,0,0,0,0,0,0,0,0,0.001322422,0.001322422,0.001322422,0.12,0.093181818,0.084545455,0.098181818,0.063636364,0.122424242,0.9
185,185,hyper,0.198364407,0.714662847,0.928094307,0.98401215,0.284929987,0.868342665,8.00E-01,0.017232961,0.009738535,0.007457341,0.001600071,0.003103345,0.000617601,0.00098621,0.000617391,0.001915223,-1.03E-07,0.001901664,-1.04E-07,0,0,0,0,0,0,0,0,0,0.001322422,0.001322422,0.001322422,0.095,0.072727273,0.086363636,0.083636364,0.074545455,0.123333333,0.87
186,186,hyper,0.217395518,0.60355903,0.906184504,0.973957254,0.282057634,0.846343392,8.00E-01,0.019398055,0.003438402,0.007698346,0.001837961,0.002492212,0.000851343,0.000890592,0.000145884,0.001861212,-1.09E-07,0.001910643,-1.04E-07,0,0,0,0,0,0,0,0,0,0.001322422,0.001322422,0.001322422,0.105,0.111363636,0.09,0.093636364,0.090909091,0.126969697,0.896
187,187,hyper,0.204567469,0.626571803,0.939547363,0.941250137,0.225666896,0.883020306,8.00E-01,0.015897766,0.004526076,0.00984151,0.000879529,0.003161309,0.00052087,0.000908922,0.000546388,0.001913354,-1.10E-07,0.00189337,-1.04E-07,0,0,0,0,0,0,0,0,0,0.001322422,0.001322422,0.001322422,0.11,0.0875,0.087272727,0.088181818,0.074545455,0.123333333,0.904
188,188,hyper,0.209339701,0.740586152,0.862138288,0.927353825,0.233783666,0.701092552,8.00E-01,0.011016832,0.00572705,0.008576796,0.001898964,0.003095965,0.000555642,0.00052735,0.000666185,0.001914135,-1.07E-07,0.001944497,-9.99E-08,0,0,0,0,0,0,0,0,0,0.001322422,0.001322422,0.001322422,0.105,0.113636364,0.095454545,0.084545455,0.083636364,0.130151515,0.92
189,189,hyper,0.210405792,0.636019096,0.829118412,0.94252148,0.189904836,0.875092109,8.00E-01,0.010114327,0.009247194,0.004847031,0.001613133,0.003073705,0.000568215,0.000626545,0.000241243,0.001854179,-1.05E-07,0.001862992,-9.45E-08,0,0,0,0,0,0,0,0,0,0.001322422,0.001322422,0.001322422,0.11,0.097727273,0.086363636,0.074545455,0.074545455,0.127424242,0.908
190,190,hyper,0.219577776,0.631376989,0.877109223,0.95237281,0.181610807,0.890916182,8.00E-01,0.01360663,0.006167528,0.009026462,0.000958348,0.002270069,0.000644706,0.000994908,0.000250902,0.001897287,-1.02E-07,0.001867402,-1.05E-07,0,0,0,0,0,0,0,0,0,0.001322422,0.001322422,0.001322422,0.12,0.095454545,0.089090909,0.086363636,0.079090909,0.121666667,0.914
191,191,hyper,0.195703797,0.580079949,0.645536476,0.93917297,0.181100539,0.807591616,8.00E-01,0.011228671,0.006543183,0.003452899,0.001909527,0.003378792,0.000515831,0.000683689,0.00010881,0.001917946,-9.82E-08,0.001908167,-9.38E-08,0,0,0,0,0,0,0,0,0,0.001322422,0.001322422,0.001322422,0.115,0.078409091,0.086363636,0.079090909,0.071818182,0.121515152,0.928
192,192,hyper,0.203403857,0.686093114,0.935536763,0.994103583,0.217237962,0.756741392,8.00E-01,0.013551169,0.008387483,0.003833866,0.001516165,0.003649026,0.000756724,0.000688546,0.000273378,0.001937872,-1.03E-07,0.001902873,-1.00E-07,0,0,0,0,0,0,0,0,0,0.001322422,0.001322422,0.001322422,0.145,0.090909091,0.097272727,0.072727273,0.087272727,0.119848485,0.906
193,193,hyper,0.201455532,0.748648482,0.86818935,0.917984672,0.197241647,0.883531359,8.00E-01,0.009622372,0.005894236,0.00971441,0.001475308,0.00277154,0.000971246,0.000926498,0.000173675,0.001931199,-9.02E-08,0.001869079,-9.16E-08,0,0,0,0,0,0,0,0,0,0.001322422,0.001322422,0.001322422,0.115,0.104545455,0.094545455,0.091818182,0.068181818,0.119242424,0.914
194,194,hyper,0.198410354,0.771052874,0.876969743,0.914702393,0.154770124,0.782717734,8.00E-01,0.009353629,0.002652636,0.002730608,0.001750366,0.003879421,0.000650293,0.000943474,0.000183167,0.00191381,-9.37E-08,0.00191865,-9.12E-08,0,0,0,0,0,0,0,0,0,0.001322422,0.001322422,0.001322422,0.12,0.104545455,0.097272727,0.072727273,0.074545455,0.121969697,0.876
195,195,hyper,0.194517086,0.686365019,0.943144654,0.970978653,0.272010192,0.845036256,8.00E-01,0.011870362,0.002978475,0.00883363,0.001688257,0.003945693,0.000677386,0.000585671,0.000890295,0.001933989,-1.09E-07,0.001904015,-1.06E-07,0,0,0,0,0,0,0,0,0,0.001322422,0.001322422,0.001322422,0.1,0.097727273,0.085454545,0.075454545,0.09,0.123181818,0.892
196,196,hyper,0.215981945,0.681517211,0.931977944,0.932043498,0.191732823,0.807287647,8.00E-01,0.008614375,0.008491492,0.003936273,0.001928704,0.003352525,0.000700304,0.000515392,0.000419393,0.001921664,-9.53E-08,0.001897896,-1.03E-07,0,0,0,0,0,0,0,0,0,0.001322422,0.001322422,0.001322422,0.13,0.093181818,0.111818182,0.08,0.088181818,0.118181818,0.894
197,197,hyper,0.189529329,0.664773122,0.913765547,0.956963163,0.159993932,0.839899238,8.00E-01,0.016999207,0.005969018,0.005558223,0.000982886,0.002070574,0.000721061,0.000835961,0.000280282,0.001862967,-9.36E-08,0.0018941,-9.51E-08,0,0,0,0,0,0,0,0,0,0.001322422,0.001322422,0.001322422,0.1,0.089772727,0.082727273,0.094545455,0.086363636,0.124242424,0.894
198,198,hyper,0.205045705,0.727108978,0.89636362,0.997538751,0.153684612,0.785743875,8.00E-01,0.010800015,0.004505826,0.005822141,0.000986606,0.002450214,0.000867791,0.000694328,0.000578419,0.001864195,-9.93E-08,0.001948475,-9.14E-08,0,0,0,0,0,0,0,0,0,0.001322422,0.001322422,0.001322422,0.12,0.1125,0.091818182,0.086363636,0.089090909,0.126212121,0.912
199,199,hyper,0.207907513,0.726309404,0.918155362,0.947679419,0.198196942,0.752951916,8.00E-01,0.010986951,0.009637859,0.009155954,0.001442105,0.002268309,0.000695897,0.000763636,0.000255675,0.001931384,-1.07E-07,0.001917059,-1.10E-07,0,0,0,0,0,0,0,0,0,0.001322422,0.001322422,0.001322422,0.1,0.110227273,0.088181818,0.085454545,0.08,0.113181818,0.902
200,200,hyper,0.202987455,0.619959818,0.907014407,0.965406972,0.160483589,0.852494115,8.00E-01,0.007441196,0.004569227,0.003797261,0.001852816,0.003289932,0.000755283,0.000592781,0.000578106,0.001885759,-9.83E-08,0.001901562,-1.01E-07,0,0,0,0,0,0,0,0,0,0.001322422,0.001322422,0.001322422,0.095,0.113636364,0.086363636,0.085454545,0.078181818,0.122575758,0.91
